{"stats":{"minecraft:used":{"minecraft:moss_block":1,"minecraft:iron_bars":2,"minecraft:jack_o_lantern":1,"minecraft:enchanting_table":2,"minecraft:flint_and_steel":24,"minecraft:ladder":6,"minecraft:chest":6,"tacz:gun_smith_table":1,"minecraft:shield":7,"minecraft:iron_sword":15,"minecraft:netherrack":17,"minecraft:iron_chestplate":5,"minecraft:torch":89,"minecraft:anvil":1,"minecraft:dirt":40,"minecraft:mutton":8,"minecraft:cobblestone_wall":6,"minecraft:tuff":4,"minecraft:golden_shovel":5,"minecraft:obsidian":1,"minecraft:bookshelf":22,"minecraft:iron_helmet":4,"minecraft:iron_boots":5,"minecraft:stone_bricks":5,"minecraft:golden_sword":5,"minecraft:magma_block":1,"thehammermod:lumber_copper":85,"minecraft:bow":10,"minecraft:beef":3,"minecraft:furnace":13,"immersive_aircraft:biplane":2,"minecraft:cobbled_deepslate":110,"minecraft:iron_leggings":5,"minecraft:golden_boots":2,"minecraft:cooked_mutton":3,"minecraft:mossy_stone_bricks":1,"minecraft:diorite":9,"useless_sword:gold_iron_alloy_sword":22,"minecraft:oak_planks":7,"minecraft:stone_pickaxe":17,"useless_sword:basalt_broadsword":133,"minecraft:wooden_pickaxe":14,"minecraft:cobblestone_slab":18,"spartanweaponry:diamond_tomahawk":19,"minecraft:cracked_stone_bricks":4,"minecraft:white_wool":3,"minecraft:golden_apple":1,"minecraft:crafting_table":10,"minecraft:light_gray_terracotta":10,"minecraft:white_bed":3,"spartanweaponry:iron_warhammer":47,"minecraft:gray_terracotta":1,"minecraft:bread":18,"minecraft:iron_pickaxe":232,"minecraft:iron_door":1,"minecraft:stone_axe":40,"minecraft:cobblestone":255,"minecraft:porkchop":5},"minecraft:custom":{"minecraft:interact_with_smithing_table":2,"minecraft:interact_with_anvil":2,"minecraft:mob_kills":60,"minecraft:interact_with_crafting_table":98,"minecraft:leave_game":7,"minecraft:time_since_death":530,"minecraft:climb_one_cm":68790,"minecraft:sprint_one_cm":563278,"minecraft:walk_one_cm":1205462,"minecraft:damage_blocked_by_shield":480,"minecraft:drop":125,"minecraft:play_time":392298,"minecraft:sneak_time":9446,"minecraft:deaths":20,"minecraft:walk_under_water_one_cm":7370,"minecraft:jump":4739,"minecraft:walk_on_water_one_cm":17037,"minecraft:enchant_item":2,"minecraft:total_world_time":392298,"minecraft:interact_with_furnace":210,"minecraft:sleep_in_bed":9,"minecraft:time_since_rest":568,"minecraft:damage_taken":5926,"minecraft:damage_dealt":10145,"minecraft:fly_one_cm":551829,"minecraft:open_chest":217,"minecraft:crouch_one_cm":19535,"minecraft:fall_one_cm":72431},"minecraft:picked_up":{"spore:mutated_heart":2,"minecraft:crafting_table":3,"minecraft:iron_chestplate":1,"minecraft:gold_block":2,"minecraft:golden_shovel":1,"minecraft:shield":3,"minecraft:smooth_stone_slab":2,"minecraft:raw_copper":240,"immersive_aircraft:biplane":2,"minecraft:flint_and_steel":1,"minecraft:iron_leggings":1,"minecraft:blackstone":11,"minecraft:cracked_stone_bricks":6,"minecraft:cobbled_deepslate":4070,"minecraft:spruce_planks":8,"minecraft:beef":3,"minecraft:cobblestone_slab":6,"dynamictrees:oak_seed":16,"minecraft:iron_pickaxe":1,"minecraft:sugar_cane":2,"minecraft:iron_boots":1,"minecraft:furnace":6,"minecraft:stick":50,"minecraft:raw_iron":392,"spartanweaponry:diamond_heavy_crossbow":1,"minecraft:acacia_log":5,"minecraft:torch":58,"minecraft:porkchop":5,"minecraft:diorite":87,"minecraft:redstone":92,"thehammermod:lumber_copper":1,"minecraft:cauldron":1,"minecraft:quartz_block":3,"minecraft:arrow":23,"minecraft:rotten_flesh":15,"minecraft:cyan_terracotta":6,"thehammermod:hammer_copper":4,"minecraft:mutton":8,"minecraft:iron_bars":2,"minecraft:white_wool":8,"minecraft:cobblestone":1964,"minecraft:birch_log":40,"minecraft:enchanting_table":2,"minecraft:magma_block":2,"spartanweaponry:iron_warhammer":1,"minecraft:basalt":21,"minecraft:iron_door":1,"minecraft:andesite":79,"minecraft:flint":22,"minecraft:tuff":511,"minecraft:oak_log":64,"minecraft:cobblestone_wall":6,"minecraft:golden_boots":1,"minecraft:gunpowder":9,"minecraft:lapis_lazuli":51,"minecraft:dirt":189,"minecraft:bone":19,"minecraft:apple":1,"minecraft:stone_bricks":15,"minecraft:gray_terracotta":5,"minecraft:bow":3,"minecraft:wheat_seeds":6,"minecraft:raw_gold":24,"minecraft:mossy_stone_bricks":1,"minecraft:iron_ingot":31,"dynamictrees:birch_seed":2,"spore:mutated_fiber":11,"minecraft:moss_block":2,"minecraft:oak_planks":25,"minecraft:book":66,"biomesoplenty:toadstool":5,"minecraft:black_terracotta":2,"spore:cerebrum":1,"minecraft:raw_iron_block":4,"minecraft:gravel":128,"minecraft:spruce_log":8,"minecraft:white_bed":2,"spore:claw_fragment":1,"minecraft:light_gray_terracotta":37,"minecraft:diamond":31,"minecraft:stone_axe":2,"webdisplays:minepad":1,"minecraft:iron_helmet":2,"minecraft:granite":90,"minecraft:gray_wool":1,"minecraft:bread":13,"useless_sword:basalt_broadsword":1,"minecraft:jack_o_lantern":2,"minecraft:netherrack":17,"minecraft:coal":143},"minecraft:killed_by":{"minecraft:creeper":1,"spore:inf_human":1,"minecraft:skeleton":1,"minecraft:zombie":7,"spore:brot":2,"spore:leaper":2},"minecraft:broken":{"thehammermod:hammer_iron":1,"thehammermod:hammer_copper":8,"thehammermod:hammer_stone":4,"thehammermod:hammer_diamond":2,"minecraft:bow":1},"minecraft:crafted":{"minecraft:oak_planks":124,"minecraft:raw_iron":36,"minecraft:cobblestone_slab":12,"thehammermod:hammer_stone":4,"minecraft:furnace":10,"minecraft:lever":1,"minecraft:bookshelf":22,"thehammermod:handle_copper":10,"minecraft:flint_and_steel":1,"minecraft:cooked_mutton":3,"useless_sword:gold_iron_alloy_sword":2,"minecraft:bow":1,"minecraft:iron_boots":1,"thehammermod:handle_stone":4,"useless_sword:gold_ingot_and_iron_ingot":4,"minecraft:ladder":6,"minecraft:stone_pickaxe":1,"minecraft:chest":6,"minecraft:copper_block":16,"thehammermod:handle_diamond":4,"minecraft:redstone_block":10,"useless_sword:basalt_broadsword":3,"thehammermod:hammer_iron":1,"minecraft:spruce_planks":32,"immersive_aircraft:boiler":1,"minecraft:crafting_table":7,"immersive_aircraft:rotary_cannon":1,"minecraft:wooden_pickaxe":1,"minecraft:iron_sword":1,"thehammermod:handle_iron":1,"immersive_aircraft:industrial_gears":1,"tacz:gun_smith_table":1,"thehammermod:hammer_diamond":4,"minecraft:copper_ingot":259,"minecraft:birch_planks":124,"minecraft:stone_axe":1,"minecraft:bread":3,"immersive_aircraft:propeller":1,"minecraft:air":0,"minecraft:dispenser":1,"minecraft:iron_chestplate":1,"minecraft:golden_apple":1,"minecraft:shield":2,"thehammermod:lumber_copper":1,"minecraft:stick":88,"minecraft:iron_ingot":344,"minecraft:iron_pickaxe":1,"minecraft:iron_block":36,"minecraft:iron_leggings":1,"minecraft:gold_ingot":21,"thehammermod:hammer_copper":9,"minecraft:anvil":1,"minecraft:white_bed":1,"minecraft:acacia_planks":20,"minecraft:torch":108,"useless_sword:gold_iron_alloy_ingot":4},"minecraft:mined":{"spore:wall_growths":9,"minecraft:tuff":966,"spore:wall_growths_big":7,"minecraft:white_bed":2,"minecraft:blue_stained_glass_pane":8,"minecraft:deepslate_diamond_ore":29,"minecraft:black_terracotta":2,"spore:underwater_fungal_stem_top":6,"minecraft:jungle_leaves":1,"minecraft:dark_oak_log":5,"minecraft:jack_o_lantern":2,"gravestone:gravestone":5,"minecraft:acacia_log":7,"minecraft:granite":122,"minecraft:grass_block":1,"spore:fungal_stem":4,"minecraft:spruce_leaves":4,"spore:growths_small":17,"minecraft:spawner":4,"minecraft:light_blue_stained_glass":17,"dynamictrees:oak_leaves":3,"minecraft:raw_iron_block":5,"minecraft:magma_block":5,"spore:blomfung":4,"minecraft:furnace":6,"minecraft:iron_ore":22,"biomesoplenty:toadstool":6,"minecraft:cobbled_deepslate":19,"minecraft:fire":14,"minecraft:andesite":79,"spore:growth_mycelium":11,"minecraft:gold_block":2,"minecraft:enchanting_table":2,"minecraft:iron_bars":2,"minecraft:bookshelf":22,"minecraft:vine":9,"minecraft:deepslate_iron_ore":324,"minecraft:cobblestone_slab":6,"minecraft:green_carpet":1,"biomesoplenty:barley":2,"minecraft:stone":2262,"minecraft:white_wool":3,"minecraft:gray_terracotta":5,"minecraft:deepslate_redstone_ore":24,"minecraft:acacia_leaves":1,"minecraft:glass_pane":6,"minecraft:quartz_block":3,"minecraft:cyan_terracotta":8,"minecraft:blackstone":11,"minecraft:basalt":38,"minecraft:blue_stained_glass":16,"minecraft:cave_air":2,"spore:growths_big":12,"minecraft:crafting_table":3,"minecraft:torch":10,"minecraft:light_gray_terracotta":37,"minecraft:gray_stained_glass":7,"minecraft:white_stained_glass_pane":4,"minecraft:glass":1,"minecraft:copper_ore":65,"minecraft:tall_grass":2,"minecraft:cobblestone":31,"minecraft:lapis_ore":8,"biomesoplenty:sprout":3,"minecraft:deepslate_gold_ore":24,"minecraft:oak_planks":6,"minecraft:sugar_cane":1,"minecraft:diorite":48,"minecraft:iron_door":1,"spore:fungal_stem_sapling":3,"minecraft:wall_torch":5,"minecraft:cauldron":1,"minecraft:deepslate_copper_ore":5,"minecraft:seagrass":1,"minecraft:cobblestone_wall":6,"biomesoplenty:yellow_autumn_leaves":2,"minecraft:birch_log":40,"spore:bloomfung2":9,"minecraft:spruce_log":8,"spore:fungal_stem_top":1,"minecraft:smooth_stone_slab":1,"minecraft:mycelium":1,"minecraft:grass":15,"minecraft:oak_log":31,"minecraft:coal_ore":141,"minecraft:gravel":191,"minecraft:dirt":60,"minecraft:cracked_stone_bricks":6,"minecraft:stone_bricks":18,"minecraft:netherrack":17,"minecraft:mossy_stone_bricks":1,"spore:remains":1,"minecraft:oak_leaves":7,"minecraft:deepslate":5768,"minecraft:fern":3},"minecraft:killed":{"hordes:zombie_player":2,"minecraft:spider":1,"minecraft:skeleton":17,"minecraft:pig":4,"minecraft:creeper":7,"spore:inf_pillager":1,"minecraft:sheep":6,"spore:inf_villager":2,"spore:inf_human":3,"minecraft:zombie":11,"spore:busser":1,"minecraft:cow":1},"minecraft:dropped":{"webdisplays:minepad":1,"minecraft:wheat_seeds":1,"immersive_aircraft:rotary_cannon":1,"dynamictrees:birch_seed":2,"minecraft:diamond":4,"immersive_aircraft:boiler":1,"minecraft:cobblestone":501,"minecraft:granite":42,"minecraft:cracked_stone_bricks":1,"minecraft:copper_ingot":34,"minecraft:coal":15,"minecraft:flint":10,"minecraft:torch":20,"minecraft:diorite":39,"gravestone:obituary":2,"minecraft:gravel":64,"minecraft:furnace":1,"minecraft:stone_axe":1,"immersive_aircraft:propeller":1,"dynamictrees:oak_seed":7,"spartanweaponry:diamond_heavy_crossbow":1,"useless_sword:basalt_broadsword":1,"minecraft:cobbled_deepslate":2675,"minecraft:smooth_stone_slab":2,"minecraft:light_gray_terracotta":17,"minecraft:tuff":441,"minecraft:rotten_flesh":2,"useless_sword:gold_iron_alloy_sword":1,"thehammermod:hammer_copper":1,"minecraft:spruce_planks":8,"minecraft:andesite":79,"minecraft:stone_bricks":1}},"DataVersion":3465}