{"stats":{"minecraft:killed":{"hordes:zombie_player":1,"spore:braiomil":1,"minecraft:spider":7,"minecraft:zombie_horse":1,"minecraft:skeleton":8,"minecraft:chicken":1,"spore:scamper":1,"minecraft:creeper":7,"minecraft:sheep":3,"spore:inf_human":5,"minecraft:zombie":9,"minecraft:cow":1},"minecraft:killed_by":{"minecraft:creeper":1,"spore:inf_human":1,"spore:brot":1},"minecraft:crafted":{"immersive_aircraft:engine":1,"minecraft:smooth_stone":3,"minecraft:oak_planks":112,"webdisplays:craftcomp_stonekey":9,"spartanshields:wooden_tower_shield":1,"thehammermod:hammer_stone":15,"minecraft:furnace":4,"minecraft:blast_furnace":1,"immersive_aircraft:biplane":1,"minecraft:piston":2,"minecraft:cobblestone_stairs":76,"minecraft:stone":12,"minecraft:lever":1,"minecraft:iron_boots":1,"thehammermod:handle_stone":15,"spartanweaponry:diamond_boomerang":1,"minecraft:iron_axe":1,"webdisplays:craftcomp_peripheral":1,"immersive_aircraft:hull":3,"minecraft:stone_pickaxe":2,"minecraft:stone_pressure_plate":2,"minecraft:chest":6,"minecraft:diamond_boots":1,"webdisplays:keyboard":1,"minecraft:wheat":441,"minecraft:oak_slab":12,"spartanshields:diamond_tower_shield":1,"minecraft:diamond_axe":1,"minecraft:crafting_table":3,"minecraft:spruce_planks":24,"tacz:ammo_box":1,"minecraft:wooden_pickaxe":2,"minecraft:iron_helmet":2,"tacz:gun_smith_table":1,"minecraft:birch_planks":52,"minecraft:stone_axe":1,"immersive_aircraft:propeller":4,"minecraft:bread":144,"minecraft:air":0,"minecraft:iron_chestplate":1,"minecraft:diamond_pickaxe":1,"minecraft:stick":72,"minecraft:iron_ingot":85,"minecraft:iron_pickaxe":1,"minecraft:iron_block":1,"minecraft:iron_leggings":1,"minecraft:redstone_torch":1,"minecraft:torch":32},"minecraft:picked_up":{"minecraft:iron_chestplate":1,"spore:mutated_heart":3,"minecraft:crafting_table":4,"minecraft:wheat":211,"minecraft:chicken":3,"minecraft:ladder":55,"minecraft:smithing_table":3,"minecraft:wooden_pickaxe":4,"minecraft:chain":8,"gravestone:obituary":1,"minecraft:shield":1,"minecraft:flint_and_steel":2,"spore:innards":2,"minecraft:string":15,"minecraft:raw_copper":93,"minecraft:iron_axe":1,"immersive_aircraft:biplane":12,"minecraft:smooth_stone_slab":2,"minecraft:iron_leggings":1,"spore:corrosive_sack":1,"minecraft:cracked_stone_bricks":1,"immersive_aircraft:propeller":5,"minecraft:cobbled_deepslate":1130,"minecraft:spruce_planks":26,"minecraft:beef":3,"spartanshields:diamond_tower_shield":1,"dynamictrees:oak_seed":14,"minecraft:iron_pickaxe":3,"minecraft:lectern":3,"minecraft:chest":7,"minecraft:birch_sapling":3,"minecraft:iron_boots":1,"minecraft:furnace":6,"minecraft:stick":107,"minecraft:raw_iron":81,"minecraft:stone":1,"minecraft:jungle_door":1,"minecraft:copper_ingot":95,"minecraft:torch":58,"immersive_aircraft:rotary_cannon":1,"minecraft:diorite":192,"minecraft:carrot":18,"minecraft:redstone":26,"minecraft:cauldron":1,"minecraft:quartz_block":91,"minecraft:arrow":32,"minecraft:rotten_flesh":32,"minecraft:beetroot_seeds":2,"thehammermod:hammer_stone":2,"minecraft:diamond_boots":1,"minecraft:hay_block":62,"minecraft:cyan_terracotta":36,"minecraft:gold_ingot":36,"useless_sword:gold_iron_alloy_sword":2,"thehammermod:hammer_copper":1,"minecraft:iron_bars":19,"minecraft:cobblestone":1321,"minecraft:birch_log":13,"spore:altered_spleen":1,"minecraft:feather":7,"minecraft:andesite":320,"minecraft:leather":6,"minecraft:potato":28,"minecraft:oak_log":74,"minecraft:yellow_bed":6,"minecraft:cobblestone_wall":2,"minecraft:gunpowder":4,"minecraft:cobblestone_stairs":101,"minecraft:lapis_lazuli":96,"minecraft:dirt":225,"minecraft:lantern":1,"minecraft:red_carpet":1,"minecraft:bone":27,"minecraft:apple":4,"minecraft:stone_bricks":45,"minecraft:wheat_seeds":50,"minecraft:raw_gold":31,"minecraft:iron_ingot":52,"minecraft:stone_pickaxe":1,"spore:spine":1,"spore:mutated_fiber":17,"minecraft:mossy_stone_bricks":2,"tacz:gun_smith_table":4,"minecraft:moss_block":6,"minecraft:oak_planks":45,"minecraft:book":38,"spore:cerebrum":1,"spore:armor_fragment":1,"immersive_aircraft:boiler":1,"minecraft:gravel":12,"minecraft:spruce_sapling":2,"minecraft:blast_furnace":2,"minecraft:white_bed":2,"minecraft:spruce_log":6,"minecraft:spruce_door":2,"minecraft:spider_eye":2,"spore:claw_fragment":1,"minecraft:light_gray_terracotta":167,"minecraft:diamond":82,"minecraft:stone_axe":4,"tacz:modern_kinetic_gun":4,"webdisplays:minepad":1,"minecraft:iron_helmet":1,"minecraft:granite":159,"minecraft:bread":12,"useless_sword:basalt_broadsword":4,"minecraft:oak_sapling":10,"minecraft:coal":71},"minecraft:dropped":{"minecraft:bread":6,"minecraft:iron_ingot":20,"webdisplays:minepad":1,"minecraft:cobblestone":236,"minecraft:feather":2,"minecraft:iron_helmet":1,"minecraft:torch":2,"tacz:modern_kinetic_gun":2,"minecraft:string":4,"minecraft:bone":3,"minecraft:cobbled_deepslate":91,"minecraft:spruce_planks":8},"minecraft:used":{"minecraft:flint_and_steel":6,"minecraft:chest":29,"tacz:gun_smith_table":7,"minecraft:stone":1,"spartanweaponry:diamond_boomerang":32,"minecraft:oak_door":6,"minecraft:torch":224,"spartanweaponry:netherite_longsword":19,"minecraft:dirt":106,"spore:brain_remnants":6,"minecraft:blue_stained_glass":7,"thehammermod:hammer_stone":3,"minecraft:granite":2,"minecraft:obsidian":25,"minecraft:brown_terracotta":1,"minecraft:cyan_terracotta":3,"minecraft:lava_bucket":1,"minecraft:lantern":11,"minecraft:iron_axe":66,"minecraft:grass_block":143,"minecraft:oak_stairs":7,"minecraft:quartz_block":27,"spore:braio_spawnegg":1,"minecraft:stone_bricks":1,"minecraft:red_carpet":67,"minecraft:furnace":21,"immersive_aircraft:biplane":14,"minecraft:cobbled_deepslate":86,"webdisplays:linker":30,"minecraft:water_bucket":7,"minecraft:cobblestone_stairs":204,"webdisplays:keyboard":5,"spore:slasher_spawnegg":1,"minecraft:stone_pickaxe":208,"minecraft:powered_rail":13,"minecraft:oak_planks":104,"useless_sword:gold_iron_alloy_sword":12,"minecraft:cauldron":1,"useless_sword:basalt_broadsword":15,"minecraft:wooden_pickaxe":17,"minecraft:diamond_axe":1,"minecraft:cobblestone_slab":6,"spore:infected_crossbow":6,"minecraft:rail":21,"minecraft:sand":1,"minecraft:oak_slab":10,"minecraft:crafting_table":7,"spore:brute_spawnegg":1,"minecraft:blast_furnace":5,"minecraft:light_gray_terracotta":193,"minecraft:white_bed":2,"minecraft:stone_brick_wall":65,"spore:scent_spawnegg":1,"minecraft:redstone_torch":14,"minecraft:oak_log":192,"minecraft:lever":1,"minecraft:diamond_pickaxe":10,"spartanweaponry:platinum_longsword":3,"minecraft:bread":125,"minecraft:iron_pickaxe":247,"spartanshields:diamond_tower_shield":1,"minecraft:stone_axe":127,"minecraft:cobblestone":533,"travelersbackpack:standard":1,"minecraft:smithing_table":3,"minecraft:jungle_door":1,"spartanweaponry:netherite_battle_hammer":8,"minecraft:smooth_stone_slab":4,"minecraft:yellow_bed":9,"spore:spitter_spawnegg":2,"webdisplays:screen":165,"minecraft:oak_trapdoor":2,"minecraft:moss_block":3},"minecraft:custom":{"minecraft:interact_with_smithing_table":10,"minecraft:mob_kills":47,"minecraft:interact_with_crafting_table":84,"minecraft:leave_game":8,"minecraft:time_since_death":39974,"minecraft:climb_one_cm":37695,"minecraft:sprint_one_cm":850940,"minecraft:walk_one_cm":1273553,"minecraft:damage_blocked_by_shield":25,"minecraft:drop":18,"minecraft:play_time":530273,"minecraft:deaths":9,"minecraft:sneak_time":11575,"minecraft:walk_under_water_one_cm":9927,"minecraft:jump":2668,"minecraft:interact_with_blast_furnace":1,"minecraft:walk_on_water_one_cm":10559,"minecraft:total_world_time":530273,"minecraft:interact_with_furnace":70,"spartanshields:shield_bash_hits":2,"minecraft:sleep_in_bed":4,"minecraft:time_since_rest":40002,"minecraft:damage_taken":4553,"minecraft:damage_dealt":6486,"minecraft:swim_one_cm":2846,"minecraft:fly_one_cm":1677137,"minecraft:open_chest":278,"minecraft:crouch_one_cm":9031,"minecraft:fall_one_cm":84250},"minecraft:mined":{"minecraft:diamond_ore":6,"minecraft:white_bed":3,"minecraft:deepslate_diamond_ore":13,"minecraft:cobblestone_stairs":15,"minecraft:jungle_leaves":12,"minecraft:ladder":18,"minecraft:granite":53,"gravestone:gravestone":2,"minecraft:grass_block":16,"minecraft:spruce_leaves":18,"minecraft:moss_block":3,"tacz:gun_smith_table":4,"minecraft:spawner":2,"minecraft:large_fern":1,"minecraft:hay_block":49,"minecraft:furnace":5,"minecraft:carrots":10,"minecraft:iron_ore":64,"minecraft:cobbled_deepslate":2,"minecraft:andesite":133,"minecraft:bookshelf":4,"minecraft:potatoes":9,"minecraft:deepslate_iron_ore":8,"minecraft:iron_bars":9,"minecraft:stone":911,"minecraft:smithing_table":2,"minecraft:deepslate_redstone_ore":6,"minecraft:glass_pane":3,"minecraft:quartz_block":46,"minecraft:cyan_terracotta":17,"minecraft:blue_stained_glass":44,"minecraft:light_gray_terracotta":83,"minecraft:crafting_table":3,"minecraft:torch":3,"minecraft:blast_furnace":1,"minecraft:chest":7,"minecraft:lectern":1,"minecraft:copper_ore":22,"minecraft:tall_grass":27,"minecraft:cobblestone":11,"biomesoplenty:sprout":1,"minecraft:lapis_ore":4,"minecraft:oak_planks":12,"minecraft:diorite":80,"minecraft:wall_torch":7,"minecraft:cauldron":1,"minecraft:chain":6,"minecraft:cobblestone_wall":3,"minecraft:birch_log":13,"minecraft:wheat":19,"minecraft:spruce_log":6,"biomesoplenty:maple_leaves":1,"minecraft:yellow_bed":6,"minecraft:smooth_stone_slab":1,"minecraft:grass":31,"minecraft:oak_log":55,"minecraft:coal_ore":46,"minecraft:beetroots":1,"minecraft:gravel":4,"minecraft:dirt":72,"minecraft:cobweb":3,"minecraft:cracked_stone_bricks":1,"minecraft:stone_bricks":24,"minecraft:oak_leaves":62,"minecraft:deepslate":500,"biomesoplenty:reed":2,"minecraft:fern":12},"minecraft:broken":{"minecraft:stone_pickaxe":1,"thehammermod:hammer_stone":13}},"DataVersion":3465}